,영화명,before,after
0,어벤져스: 에이지 오브 울트론,"32,336건","2,100건"
1,국제시장,"316,242건","1,617건"
2,킹스맨 : 시크릿 에이전트,"9,350건",380건
3,쥬라기 월드,"12,612건",708건
4,조선명탐정 : 사라진 놉의 딸,"7,703건",630건
5,매드 맥스: 분노의 도로,"6,721건",481건
6,분노의 질주: 더 세븐,"4,256건",397건
7,스물,"36,656건","1,108건"
8,빅 히어로,"12,583건",465건
9,극비수사,"17,268건",996건
10,스파이,"140,257건",517건
11,강남 1970,"36,033건","1,825건"
12,악의 연대기,"12,252건",530건
13,오늘의 연애,"43,397건","1,239건"
14,연평해전,"43,519건","3,607건"
15,테이큰 3,"4,959건",313건
16,이미테이션 게임,"3,397건",810건
17,샌 안드레아스,"2,578건",306건
18,쎄시봉,"19,168건","1,154건"
19,위플래쉬,"6,367건",340건
20,마다가스카의 펭귄,"1,209건",309건
21,차이나타운,"48,861건",660건
22,장수상회,"13,498건",544건
23,간신,"25,750건",864건
24,박물관이 살아있다 : 비밀의 무덤,868건,256건
25,허삼관,"12,669건","1,147건"
26,"님아, 그 강을 건너지 마오","8,360건",62건
27,살인의뢰,"38,108건",885건
28,기술자들,"192,373건","1,106건"
29,신데렐라,"105,099건",464건
30,채피,"1,814건",312건
31,헬머니,"3,654건",282건
32,도라에몽 : 스탠 바이 미,661건,120건
33,위험한 상견례 2,"8,608건",930건
34,순수의 시대,"13,996건",756건
35,무뢰한,"14,947건",548건
36,내 심장을 쏴라,"7,297건",409건
37,그레이의 50가지 그림자,"3,754건",385건
38,홈,"3,716,165건","8,765건"
39,경성학교: 사라진 소녀들,"7,236건",432건
40,아메리칸 스나이퍼,"1,740건",144건
41,호빗: 다섯 군대 전투,"1,671건",422건
42,스폰지밥 3D,544건,63건
43,주피터 어센딩,"1,518건",211건
44,패딩턴,"2,010건",139건
45,오즈의 마법사: 돌아온 도로시,539건,67건
46,런 올 나이트,784건,129건
47,다이노 타임,"1,168건",114건
48,인서전트,709건,182건
49,소수의견,"123,601건",768건
50,백 투 더 비기닝,406건,115건
51,투모로우랜드,"4,031건",122건
52,개를 훔치는 완벽한 방법,"7,798건",164건
53,명탐정 코난 : 코난 실종사건 - 사상 최악의 이틀,124건,40건
54,언브로큰,"1,139건",168건
55,소셜포비아,"9,307건",281건
56,극장판 포켓몬스터 XY : 파괴의 포켓몬과 디안시,91건,42건
57,언프렌디드: 친구삭제,271건,103건
58,노아의 방주: 남겨진 녀석들,217건,92건
59,연애의 맛,"60,197건",390건
60,버드맨,"5,199건",283건
61,기생수 파트1,389건,59건
62,인터스텔라,747건,5건
63,최강전사 미니특공대 : 새로운 악당의 습격,79건,14건
64,아메리칸 셰프,"3,021건",24건
65,짱구는 못말려 극장판 : 정면승부! 로봇아빠의 역습,165건,52건
66,워킹걸,"8,609건",581건
67,은밀한 유혹,"7,897건",317건
68,화장,"1,833,134건","4,512건"
69,워터 디바이너,"2,134건",80건
70,눈의 여왕 2: 트롤의 마법거울,578건,63건
71,19곰 테드 2,761건,109건
72,나의 절친 악당들,"6,258건",311건
73,존 윅,"6,408건",70건
74,상의원,"13,812건",685건
75,스틸 앨리스,"3,285건",72건
76,더 건맨,580건,97건
77,빌리와 용감한 녀석들 3,417건,68건
78,7번째 아들,"2,983건",92건
79,포커스,"521,289건","1,670건"
80,심야식당,"12,055건",277건
81,빅 아이즈,"7,417건",83건
82,와일드,"194,492건",296건
83,더 이퀄라이저,"2,592건",50건
84,세인트 빈센트,"2,566건",65건
85,모데카이,733건,41건
86,엑스 마키나,"1,359건",37건
87,타임 패러독스,563건,40건
88,피치 퍼펙트: 언프리티 걸즈,184건,45건
89,위자,"85,563건",289건
90,기생수 파트2,331건,34건
91,위아영,"5,935건",83건
92,드래곤 블레이드,"4,815건",53건
93,나이트 크롤러,"1,072건",49건
94,더 라스트: 나루토 더 무비,51건,9건
95,바다 탐험대 옥토넛 스페셜,55건,13건
96,엘리노어 릭비: 그 남자 그 여자,200건,43건
97,송 원,"23,812건",100건
98,한 번 더 해피엔딩,"21,567건",64건
99,약장수,"5,934건",182건
100,베테랑,"521,334건","2,307건"
101,암살,"201,928건","1,966건"
102,내부자들,"77,079건",898건
103,사도,"163,121건","1,745건"
104,미션 임파서블: 로그네이션,"7,659건","3,205건"
105,검은 사제들,"26,079건","1,638건"
106,히말라야,"84,447건","1,532건"
107,인사이드 아웃,"15,150건",384건
108,마션,"9,183건",505건
109,인턴,"973,358건","4,392건"
110,터미네이터 제니시스,"7,819건","2,606건"
111,앤트맨,"11,052건",342건
112,스타워즈: 깨어난 포스,"9,637건","1,147건"
113,메이즈 러너: 스코치 트라이얼,"3,700건",410건
114,탐정 : 더 비기닝,"6,661건",616건
115,미니언즈,"10,759건",335건
116,뷰티 인사이드,"35,576건",678건
117,007 스펙터,"4,109건",610건
118,더 폰,"9,819건",708건
119,대호,"57,066건","1,130건"
120,성난 변호사,"7,538건",384건
121,그놈이다,"49,193건",894건
122,미쓰 와이프,"11,078건",273건
123,몬스터 호텔 2,"7,849건",246건
124,손님,"1,000,495건","2,816건"
125,인시디어스 3,"1,630건",114건
126,하트 오브 더 씨,"1,066건",208건
127,헝거게임: 더 파이널,"1,306건",372건
128,픽셀,"71,899건",304건
129,열정같은소리하고있네,"7,362건",583건
130,특종: 량첸살인기,"5,620건",527건
131,서부전선,"38,146건",873건
132,극장판 요괴워치: 탄생의 비밀이다냥!,458건,129건
133,명탐정 코난 : 화염의 해바라기,148건,40건
134,"협녀, 칼의 기억","10,845건",494건
135,어린왕자,"43,251건",231건
136,오피스,"601,197건","1,516건"
137,판타스틱 4,"36,866건",203건
138,뽀로로 극장판 컴퓨터 왕국 대모험,344건,53건
139,치외법권,"12,992건",590건
140,에베레스트,"27,304건",212건
141,극적인 하룻밤,"9,796건",498건
142,뮨: 달의 요정,280건,63건
143,도리화가,"16,394건",882건
144,스파이 브릿지,"1,785건",192건
145,함정,"306,881건","1,648건"
146,하늘을 걷는 남자,736건,156건
147,조선마술사,"13,847건",807건
148,괴물의 아이,"41,505건",158건
149,포켓몬 더 무비 XY 후파: 광륜의 초마신,126건,49건
150,팬,"5,734,747건","17,083건"
151,더 셰프,"81,687건",523건
152,레전드,"459,076건","1,629건"
153,아메리칸 울트라,778건,116건
154,트랜스포터: 리퓰드,321건,58건
155,내부자들: 디 오리지널,"3,579건",451건
156,스누피: 더 피너츠 무비,"1,607건",87건
157,우먼 인 골드,597건,50건
158,시카리오: 암살자의 도시,"1,264건",60건
159,러브 라이브! 더 스쿨 아이돌 무비,141건,17건
160,퇴마: 무녀굴,"4,890건",138건
161,극장판 도라에몽 : 진구의 우주영웅기~스페이스 히어로즈~,91건,21건
162,미라클 벨리에,892건,65건
163,셀프/리스,"1,350건",59건
164,맨 프롬 UNCLE,338건,126건
165,프리덤,"40,062건",63건
166,돌연변이,"55,026건",570건
167,극장판 파워레인저 트레인포스 VS 다이노포스 THE MOVIE,25건,6건
168,맥베스,"6,098건",46건
169,더 매직: 리틀톰과 도둑공주,189건,46건
170,사우스포,"2,225건",47건
171,갤로우즈,45건,17건
172,숀더쉽,444건,25건
173,지금은맞고그때는틀리다,"9,371건",98건
174,쓰리 썸머 나잇,"4,193건",247건
175,러덜리스,381건,46건
176,다크 플레이스,"2,262건",60건
177,보루토 - 나루토 더 무비,46건,10건
178,히트맨: 에이전트 47,310건,29건
179,아더와 미니모이 3: 두 세계의 전쟁,41건,10건
180,주온: 더 파이널,95건,25건
181,파더 앤 도터,197건,35건
182,대니 콜린스,228건,43건
183,고녀석 맛나겠다2 : 함께라서 행복해,694건,37건
184,더 랍스터,"6,428건",60건
185,개구리왕국,"1,100건",12건
186,이웃집에 신이 산다,267건,36건
187,더 비지트,"1,019건",46건
188,바닷마을 다이어리,"2,496건",81건
189,미안해 사랑해 고마워,"6,891건",410건
190,비밀,"1,810,968건","6,219건"
191,라스트 위치 헌터,386건,42건
192,스트레이트 아웃 오브 컴턴,366건,47건
193,이스케이프,"9,227건",32건
194,크림슨 피크,382건,42건
195,검사외전,"19,328건","1,113건"
196,캡틴 아메리카: 시빌 워,"12,466건","1,040건"
197,곡성,"161,985건","2,452건"
198,주토피아,"7,432건",263건
199,아가씨,"140,704건","1,497건"
200,쿵푸팬더3,"12,717건",883건
201,귀향,"81,251건","1,700건"
202,데드풀,"13,760건",644건
203,엑스맨: 아포칼립스,"3,644건",461건
204,정글북,"7,045건",330건
205,배트맨 대 슈퍼맨: 저스티스의 시작,"4,853건",469건
206,레버넌트: 죽음에서 돌아온 자,"4,129건",435건
207,컨저링 2,"4,174건",271건
208,탐정 홍길동: 사라진 마을,"5,118건",688건
209,굿 다이노,"2,079건",300건
210,셜록: 유령신부,"1,187건",428건
211,인디펜던스 데이 : 리써전스,"1,364건",324건
212,시간이탈자,"10,872건",589건
213,동주,"52,394건",714건
214,워크래프트: 전쟁의 서막,"1,334건",335건
215,특별수사: 사형수의 편지,"5,275건",335건
216,오빠생각,"190,208건","1,344건"
217,"날, 보러와요","25,106건",468건
218,갓 오브 이집트,817건,213건
219,좋아해줘,"22,695건","1,090건"
220,미 비포 유,"2,265건",162건
221,런던 해즈 폴른,936건,117건
222,앵그리버드 더 무비,"1,254건",147건
223,그날의 분위기,"69,248건",740건
224,널 기다리며,"4,939건",319건
225,싱 스트리트,"3,038건",210건
226,해어화,"10,226건",649건
227,계춘할망,"7,447건",440건
228,"로봇, 소리","29,454건",561건
229,빅쇼트,"2,142건",171건
230,헌츠맨: 윈터스 워,743건,165건
231,나를 잊지 말아요,"11,837건","1,389건"
232,나의 소녀시대,"64,362건",296건
233,클로버필드 10번지,549건,138건
234,캐롤,"57,364건",264건
235,위대한 소원,"8,204건",220건
236,스포트라이트,"131,181건",901건
237,구스범스,"1,027건",88건
238,포인트 브레이크,647건,41건
239,앨빈과 슈퍼밴드: 악동 어드벤처,345건,123건
240,극장판 안녕 자두야,406건,102건
241,굿바이 싱글,"13,501건",652건
242,비밀은 없다,"305,777건",834건
243,사냥,"492,117건","1,529건"
244,닌자터틀 : 어둠의 히어로,578건,84건
245,순정,"174,760건",934건
246,독수리 에디,"3,291건",112건
247,남과 여,"13,651건",269건
248,짱구는 못말려 극장판: 나의 이사 이야기 선인장 대습격,83건,20건
249,글로리데이,"9,864건",436건
250,부활,"753,326건","1,684건"
251,조이,"685,637건",926건
252,대배우,"14,412건",345건
253,매직브러시,"1,194건",72건
254,미스컨덕트,"1,301건",142건
255,레전드 오브 타잔,"1,683건",265건
256,13시간,"29,951건",100건
257,극장판 아이엠스타 : 꿈의 오디션!,71건,43건
258,제 5침공,968건,37건
259,대니쉬 걸,"1,767건",83건
260,극장판 꼬마버스 타요의 에이스 구출작전,113건,18건
261,헤이트풀8,"1,196건",156건
262,최강전사 미니특공대: 영웅의 탄생,109건,42건
263,다이노소어 어드벤처 : 백악기 공룡대백과,110건,35건
264,다이버전트 시리즈: 얼리전트,272건,55건
265,무서운 이야기 3 : 화성에서 온 소녀,"2,209건",89건
266,일사각오,654건,20건
267,크리미널,"13,569건",59건
268,유스,"133,550건",458건
269,오베라는 남자,"1,906건",54건
270,다이노X 탐험대,171건,46건
271,오 마이 그랜파,264건,86건
272,룸,"1,188,018건","3,036건"
273,엽기적인 그녀 2,"12,505건",223건
274,본 투 비 블루,"1,229건",51건
275,번개맨,"6,293건",57건
276,스티브 잡스,"71,901건",196건
277,레터스 투 갓,216건,20건
278,바다 탐험대 옥토넛 시즌4: 빙하탐험선S,10건,1건
279,트럼보,"6,783건",167건
280,바다 탐험대 옥토넛 시즌4: 아슬아슬 구조대작전,11건,8건
281,극장판 프랭키와 친구들: 생명의 나무,31건,11건
282,더 보이,"178,313건",370건
283,드레스메이커,"4,796건",69건
284,파라노말 액티비티: 더 고스트 디멘션,66건,24건
285,잡아야 산다,"5,797건",313건
286,부산행,"57,236건","2,547건"
287,밀정,"28,818건","1,210건"
288,터널,"482,225건","2,026건"
289,인천상륙작전,"43,167건","2,029건"
290,럭키,"142,797건",982건
291,덕혜옹주,"22,226건","1,722건"
292,닥터 스트레인지,"11,182건",553건
293,마스터,"478,431건","1,784건"
294,신비한 동물사전,"6,825건",608건
295,판도라,"68,642건","1,129건"
296,나우 유 씨 미 2,"2,942건",381건
297,형,"1,858,239건","6,306건"
298,미스 페레그린과 이상한 아이들의 집,"2,132건",288건
299,제이슨 본,"14,993건",726건
300,도리를 찾아서,"4,919건",416건
301,아수라,"94,764건","1,734건"
302,마이펫의 이중생활,"3,412건",190건
303,라라랜드,"26,287건",407건
304,봉이 김선달,"10,087건",593건
305,수어사이드 스쿼드,"5,594건",617건
306,벤허,"9,374건",266건
307,스타트렉 비욘드,"3,335건",470건
308,미씽: 사라진 여자,"8,052건",538건
309,"당신, 거기 있어줄래요","7,758건",613건
310,라이트 아웃,"1,329건",160건
311,씽,"14,617건",218건
312,맨 인 더 다크,"1,954건",197건
313,"고산자, 대동여지도","7,379건",888건
314,매그니피센트 7,"3,980건",328건
315,브리짓 존스의 베이비,"1,310건",198건
316,스플릿,"69,450건",470건
317,국가대표 2,"532,296건","2,728건"
318,인페르노,"3,081건",214건
319,설리: 허드슨강의 기적,"1,016건",173건
320,잭 리처: 네버 고 백,"2,731건",183건
321,로그 원: 스타워즈 스토리,"2,106건",341건
322,아이스 에이지: 지구 대충돌,586건,231건
323,메카닉: 리크루트,432건,133건
324,고스트버스터즈,"2,672건",162건
325,거울나라의 앨리스,"2,110건",248건
326,가려진 시간,"25,531건",485건
327,명탐정 코난: 순흑의 악몽,246건,46건
328,언더 워터,"3,571건",130건
329,위자: 저주의 시작,458건,76건
330,극장판 요괴워치: 염라대왕과 5개의 이야기다냥!,127건,50건
331,아기배달부 스토크,350건,43건
332,혼숨,596건,106건
333,드림 쏭,296건,56건
334,포켓몬 더 무비 XY&Z 「볼케니온 : 기계왕국의 비밀」,153건,2건
335,원피스 필름 골드,281건,51건
336,아이 엠 어 히어로,462건,101건
337,"무현, 두 도시 이야기","1,067건",86건
338,빅,"1,760,812건","3,710건"
339,달빛궁궐,"3,759건",241건
340,서울역,"298,464건","1,089건"
341,장난감이 살아있다,"4,819건",122건
342,플로렌스,"11,686건",83건
343,로빈슨 크루소,"2,237건",87건
344,자백,"164,976건",396건
345,카페 소사이어티,897건,42건
346,마이 리틀 자이언트,953건,37건
347,죽여주는 여자,"3,681건",372건
348,감바의 대모험,120건,40건
349,피터와 드래곤,"1,429건",24건
350,킹 오브 프리즘,327건,7건
351,바스티유 데이,630건,81건
352,걷기왕,"3,997건",266건
353,나의 산티아고,"8,348건",47건
354,태풍이 지나가고,"4,180건",60건
355,루돌프와 많이있어,"1,125건",55건
356,슈퍼 프렌즈,"6,100건",40건
357,최악의 하루,"97,449건",308건
358,로스트 인 더스트,630건,86건
359,하이큐!! 끝과 시작,133건,35건
360,언더월드: 블러드 워,181건,66건
361,바다 탐험대 옥토넛 시즌4: 늪지탐험선K,17건,8건
362,세상에서 고양이가 사라진다면,305건,63건
363,어카운턴트,401건,66건
364,이퀄스,"1,224건",66건
365,아이엠스타 뮤직어워드,266건,22건
366,올레,"296,429건",869건
367,리틀메딕: 몸속탐험대,42건,19건
368,선생님의 일기,"27,018건",130건
369,데몰리션,"3,969건",61건
370,극장판 파워레인저: 닌자포스 VS 트레인포스 닌자 인 원더랜드,37건,16건
371,두 남자,"136,988건",429건
372,극장판 도라에몽: 신 진구의 버스 오브 재팬,76건,33건
373,백설공주 : 사라진 아빠를 찾아서,24건,14건
374,그물,"126,783건",545건
375,순종,"48,048건",105건
376,"나, 다니엘 블레이크","1,753건",54건
377,공조,"808,208건","2,663건"
378,더 킹,"58,574건","1,624건"
379,미녀와 야수,"22,289건",695건
380,분노의 질주: 더 익스트림,"2,843건",317건
381,미이라,"8,717건",659건
382,너의 이름은.,"196,933건","1,065건"
383,캐리비안의 해적: 죽은 자는 말이 없다,"2,670건",448건
384,프리즌,"13,970건",577건
385,가디언즈 오브 갤럭시 VOL. 2,"2,777건",400건
386,보안관,"41,190건","1,032건"
387,조작된 도시,"44,961건",733건
388,보스 베이비,"2,947건",423건
389,재심,"131,947건",983건
390,모아나,"4,784건",293건
391,원더 우먼,"17,993건",851건
392,겟 아웃,"5,930건",333건
393,트랜스포머: 최후의 기사,"2,603건",518건
394,로건,"32,310건",519건
395,노무현입니다,"995,973건","2,687건"
396,콩: 스컬 아일랜드,"1,993건",296건
397,23 아이덴티티,"7,547건",377건
398,임금님의 사건수첩,"5,158건",641건
399,특별시민,"867,632건","2,923건"
400,에이리언: 커버넌트,"1,605건",379건
401,해빙,"88,689건","1,797건"
402,악녀,"79,417건","1,084건"
403,하루,"5,990,929건","12,311건"
404,불한당: 나쁜 놈들의 세상,"9,235건",967건
405,대립군,"7,735건",717건
406,레지던트 이블: 파멸의 날,"2,924건",240건
407,공각기동대 : 고스트 인 더 쉘,"3,429건",310건
408,트롤,"16,456건",165건
409,패신저스,"2,622건",244건
410,아빠는 딸,"340,487건","1,053건"
411,컨택트,"7,074건",243건
412,박열,"17,001건","1,009건"
413,얼라이드,"3,244건",186건
414,그레이트 월,"3,346건",232건
415,트리플 엑스 리턴즈,713건,173건
416,라이프,"1,367,466건","3,422건"
417,히든 피겨스,"2,118건",178건
418,원라인,"7,389건",480건
419,터닝메카드W: 블랙미러의 부활,370건,83건
420,스머프: 비밀의 숲,633건,117건
421,킹 아서: 제왕의 검,"1,027건",205건
422,보통사람,"120,859건",808건
423,눈의 여왕 3: 눈과 불의 마법대결,650건,45건
424,어쌔신 크리드,"4,604건",152건
425,싱글라이더,"10,871건",939건
426,석조저택 살인사건,"4,390건",330건
427,사랑하기 때문에,"1,626,543건","3,783건"
428,존 윅 - 리로드,804건,99건
429,목소리의 형태,"160,394건",508건
430,리얼,"1,289,482건","5,849건"
431,어느날,"992,949건","2,968건"
432,발레리나,"59,419건",75건
433,50가지 그림자: 심연,512건,110건
434,핵소 고지,"1,077건",288건
435,문라이트,"12,767건",799건
436,더 큐어,"4,561건",91건
437,비정규직 특수요원,"6,980건",325건
438,레고 배트맨 무비,877건,77건
439,극장판 또봇: 로봇군단의 습격,152건,54건
440,명탐정 코난: 에피소드 원-작아진 명탐정,74건,33건
441,눈길,"6,013,797건","11,686건"
442,시간위의 집,"3,210건",404건
443,마이펫 오지,199건,42건
444,짱구는 못말려 극장판: 폭풍수면! 꿈꾸는 세계 대돌격,57건,25건
445,극장판 소드 아트 온라인 -오디널 스케일-,1건,0
446,여교사,"46,360건",855건
447,"서서평, 천천히 평온하게",373건,45건
448,베이블레이드 버스트 갓 : 갓 발키리의 탄생,43건,19건
449,루시드 드림,"6,588건",309건
450,딥워터 호라이즌,879건,84건
451,라이언,"219,687건",709건
452,슈퍼 빼꼼: 스파이 대작전,149건,41건
453,사일런스,"4,027건",59건
454,파도가 지나간 자리,"1,404건",52건
455,너와 100번째 사랑,435건,36건
456,바다 탐험대 옥토넛 시즌4: 더 파이널,27건,10건
457,오두막,"17,101건",101건
458,파워레인져스: 더 비기닝,346건,98건
459,패트리어트 데이,559건,34건
460,더 서클,"26,373건",140건
461,극장판 쿠로코의 농구 라스트 게임,31건,10건
462,바다 탐험대 옥토넛 시즌4: 바다 괴물 대소동,20건,16건
463,꼬마참새 리차드: 아프리카 원정대,56건,10건
464,밤의 해변에서 혼자,"11,030건",237건
465,나의 붉은고래,851건,48건
466,맨체스터 바이 더 씨,"1,151건",54건
467,옥자,"24,051건","1,092건"
468,미스 슬로운,412건,53건
469,매기스 플랜,318건,47건
470,택시운전사,"58,969건","1,991건"
471,신과함께-죄와 벌,"21,717건","1,805건"
472,스파이더맨: 홈 커밍,"9,365건",778건
473,범죄도시,"166,677건","1,162건"
474,군함도,"31,343건","2,860건"
475,청년경찰,"129,894건","1,422건"
476,킹스맨: 골든 서클,"7,458건",996건
477,토르: 라그나로크,"5,523건",570건
478,꾼,"43,909건",800건
479,강철비,"12,867건","1,595건"
480,남한산성,"52,842건","1,423건"
481,슈퍼배드 3,"4,497건",460건
482,아이 캔 스피크,"12,180건",765건
483,덩케르크,"5,238건",666건
484,살인자의 기억법,"11,658건",877건
485,혹성탈출: 종의 전쟁,"2,656건",585건
486,1987,"389,689건","2,790건"
487,애나벨 : 인형의 주인,"1,292건",442건
488,저스티스 리그,"6,920건",522건
489,킬러의 보디가드,"1,820건",275건
490,부라더,"11,870건",569건
491,기억의 밤,"282,065건","1,190건"
492,해피 데스데이,"2,152건",276건
493,브이아이피,"10,330건",937건
494,장산범,"4,873건",513건
495,지오스톰,985건,305건
496,스타워즈: 라스트 제다이,"3,080건",722건
497,그것,"2,579,849건","6,084건"
498,오리엔트 특급 살인,"1,641건",309건
499,베이비 드라이버,"2,366건",271건
500,위대한 쇼맨,"5,461건",606건
501,뽀로로 극장판 공룡섬 대모험,646건,94건
502,47 미터,"1,474건",175건
503,메리와 마녀의 꽃,787건,219건
504,발레리안: 천 개 행성의 도시,"1,279건",189건
505,카3: 새로운 도전,"6,664건",160건
506,침묵,"478,945건","1,561건"
507,너의 췌장을 먹고 싶어,"2,003건",263건
508,명탐정 코난:진홍의 연가,248건,111건
509,반드시 잡는다,"12,401건",327건
510,극장판 포켓몬스터 너로 정했다!,346건,101건
511,넛잡 2,"2,512건",129건
512,아메리칸 메이드,"5,371건",237건
513,러빙 빈센트,"1,419건",76건
514,대장 김창수,"6,298건",527건
515,플립,"44,405건",313건
516,7호실,"13,634건",497건
517,몬스터 패밀리,"4,197건",106건
518,내 사랑,"243,583건",571건
519,극장판 짱구는 못말려 : 습격!! 외계인 덩덩이,199건,46건
520,희생부활자,"3,637건",552건
521,블레이드 러너 2049,"2,142건",270건
522,빅풋 주니어,400건,47건
523,공범자들,"10,949건",409건
524,미옥,"7,143건",556건
525,딥,"159,505건",318건
526,극장판 요괴워치: 하늘을 나는 고래와 더블세계다냥!,190건,99건
527,어쌔신: 더 비기닝,298건,77건
528,채비,"114,560건",539건
529,"나는 내일, 어제의 너와 만난다",522건,57건
530,예수는 역사다,"49,780건",116건
531,극장판 도라에몽: 진구의 남극 꽁꽁 대모험,113건,26건
532,아토믹 블론드,"1,201건",94건
533,레고 닌자고 무비,557건,110건
534,극장판 에그엔젤 코코밍: 푸르밍과 두근두근 코코밍 세계,51건,16건
535,로마의 휴일,"7,722건",169건
536,저수지 게임,"2,563건",105건
537,파리로 가는 길,"15,094건",66건
538,직쏘,"18,480건",103건
539,더 테이블,"187,530건",808건
540,김광석,"87,589건",368건
541,다크타워: 희망의 탑,734건,88건
542,인비저블 게스트,287건,49건
543,노 게임 노 라이프 -제로-,413건,1건
544,몬스터 콜,"4,022건",88건
545,킹 오브 프리즘 - 프라이드 더 히어로,36건,3건
546,원더,"253,244건",335건
547,드래곤 스펠: 마법 꽃의 비밀,66건,18건
548,오즈: 신기한 마법가루,147건,21건
549,극장판 파워레인저: 애니멀포스 VS 닌자포스 미래에서 온 메시지,19건,5건
550,뷰티풀 투모로우,455건,53건
551,지랄발광 17세,343건,51건
552,리틀 프린세스 소피아 : 신비한 섬,51건,25건
553,더 크리스마스,"131,499건","2,828건"
554,래빗 스쿨,401건,12건
555,위시 어폰,379건,33건
556,극장판 숲의 요정 페어리루 ~크리스마스의 기적: 마법의 날개~,26건,16건
557,튤립 피버,211건,46건
558,매혹당한 사람들,646건,60건
559,윈드 리버,"2,936건",56건
560,잃어버린 도시 Z,740건,55건
561,마더!,"69,150건",206건
562,내가 죽기 전에 가장 듣고 싶은 말,"1,386건",24건
563,어벤져스: 인피니티 워,"26,200건","2,337건"
564,쥬라기 월드: 폴른 킹덤,"4,549건",928건
565,블랙 팬서,"14,540건",849건
566,독전,"17,568건","1,030건"
567,데드풀 2,"10,416건",778건
568,코코,"72,149건",673건
569,그것만이 내 세상,"251,112건","1,261건"
570,곤지암,"47,482건",522건
571,탐정: 리턴즈,"7,245건",744건
572,지금 만나러 갑니다,"14,448건","1,103건"
573,조선명탐정: 흡혈괴마의 비밀,"5,235건",689건
574,메이즈 러너: 데스 큐어,"3,393건",561건
575,레디 플레이어 원,"2,710건",413건
576,쥬만지: 새로운 세계,"2,408건",350건
577,리틀 포레스트,"20,885건",982건
578,골든슬럼버,"7,023건",770건
579,램페이지,"2,269건",394건
580,궁합,"183,528건",973건
581,사라진 밤,"49,342건",610건
582,오션스8,"3,754건",420건
583,바람 바람 바람,"9,632건",793건
584,챔피언,"975,288건","2,512건"
585,퍼시픽 림: 업라이징,975건,431건
586,염력,"10,404건",828건
587,월요일이 사라졌다,"3,204건",168건
588,레슬러,"22,938건",643건
589,마녀,"231,244건","1,127건"
590,인시디어스4: 라스트 키,468건,185건
591,"그날, 바다","33,062건",983건
592,툼레이더,"5,996건",260건
593,페르디난드,"3,618건",205건
594,7년의 밤,"58,625건",679건
595,버닝,"91,808건","2,234건"
596,콰이어트 플레이스,"1,222건",230건
597,셰이프 오브 워터: 사랑의 모양,"1,786건",166건
598,흥부: 글로 세상을 바꾼 자,988건,53건
599,피터 래빗,"1,489건",105건
600,패딩턴 2,"1,396건",168건
601,트루스 오어 데어,493건,154건
602,덕구,"8,594건",269건
603,커뮤터,"1,194건",97건
604,명탐정 코난:감벽의 관,204건,71건
605,아이 필 프리티,769건,113건
606,치즈인더트랩,"52,907건",856건
607,12 솔져스,408건,77건
608,1급기밀,"8,738건",319건
609,50가지 그림자: 해방,461건,75건
610,허리케인 하이스트,337건,140건
611,한 솔로: 스타워즈 스토리,"1,710건",278건
612,콜 미 바이 유어 네임,"2,412건",162건
613,나미야 잡화점의 기적,"4,725건",138건
614,극장판 포켓몬스터DP - 디아루가 VS 펄기아 VS 다크라이,125건,32건
615,유전,"747,617건","1,613건"
616,허스토리,"10,383건",636건
617,미드나잇 선,"3,760건",105건
618,다운사이징,"18,451건",202건
619,나를 기억해,"721,630건","2,550건"
620,더 포스트,"349,124건","1,504건"
621,시카리오: 데이 오브 솔다도,574건,151건
622,얼리맨,478건,146건
623,"안녕, 나의 소녀","8,610건",149건
624,당갈,"1,012건",161건
625,레드 스패로,376건,96건
626,게이트,"521,152건",850건
627,미니특공대X,502건,14건
628,레이디 버드,"2,290건",91건
629,쓰리 빌보드,"1,500건",108건
630,마야2,"24,585건",49건
631,커다랗고 커다랗고 커다란 배,276건,60건
632,여중생A,"26,755건",265건
633,플로리다 프로젝트,"6,151건",93건
634,올 더 머니,"61,216건",189건
635,레오나르도 다 빈치,"3,469건",60건
636,번개맨과 신비의 섬,96건,15건
637,소공녀,"6,595건",178건
638,매직빈,473건,57건
639,"부르고뉴, 와인에서 찾은 인생",269건,28건
640,머니백,"2,696건",193건
641,젝스키스 에이틴,344건,22건
642,살인소설,"49,667건",523건
643,데자뷰,"16,221건",223건
644,온리 더 브레이브,391건,31건
645,비밥바룰라,"2,038건",174건
646,"스탠바이, 웬디",267건,81건
647,더 포리너,326건,35건
648,정글번치: 최강 악당의 등장,32건,13건
649,다키스트 아워,903건,51건
650,반딧불이 딘딘,59건,10건
651,아일라,"2,475건",92건
652,벅스 프렌즈,717건,29건
653,패터슨,"15,247건",40건
654,스파키,823건,21건
655,신과함께-인과 연,"18,992건","1,985건"
656,보헤미안 랩소디,"20,414건",757건
657,미션 임파서블: 폴아웃,"6,549건",842건
658,앤트맨과 와스프,"5,447건",908건
659,안시성,"19,038건","1,899건"
660,완벽한 타인,"36,535건","1,077건"
661,공작,"347,618건","2,565건"
662,베놈,"5,605건",739건
663,암수살인,"11,471건","1,054건"
664,국가부도의 날,"18,527건","1,254건"
665,아쿠아맨,"9,328건",871건
666,인크레더블 2,"8,398건",584건
667,서치,"53,754건",558건
668,너의 결혼식,"41,615건",996건
669,목격자,"326,021건","1,972건"
670,신비한 동물들과 그린델왈드의 범죄,"4,153건",875건
671,맘마미아!2,"20,484건",523건
672,명당,"191,305건","1,754건"
673,협상,"2,554,467건","8,635건"
674,마약왕,"13,391건","1,061건"
675,창궐,"55,305건","1,110건"
676,성난황소,"7,936건",860건
677,도어락,"19,864건",749건
678,스윙키즈,"12,617건","1,144건"
679,PMC: 더 벙커,"4,947건",946건
680,범블비,"6,337건",729건
681,몬스터 호텔 3,"6,782건",315건
682,더 넌,"81,518건",657건
683,스카이스크래퍼,"1,370건",373건
684,인랑,"11,374건","1,231건"
685,극장판 헬로카봇 : 백악기 시대,907건,281건
686,상류사회,"44,964건",864건
687,물괴,"7,925건",921건
688,미쓰백,"9,700건",628건
689,신비아파트: 금빛 도깨비와 비밀의 동굴,739건,236건
690,퍼스트맨,"10,920건",629건
691,스파이더맨: 뉴 유니버스,"1,648건",354건
692,메가로돈,999건,387건
693,호두까기 인형과 4개의 왕국,982건,265건
694,곰돌이 푸 다시 만나 행복해,"1,539건",311건
695,그린치,"1,119건",256건
696,스타 이즈 본,"5,589건",333건
697,변산,"43,093건",729건
698,동네사람들,"224,353건","1,240건"
699,원더풀 고스트,"3,951건",434건
700,명탐정 코난 : 제로의 집행인,581건,182건
701,점박이 한반도의 공룡2 : 새로운 낙원,954건,188건
702,번 더 스테이지: 더 무비,"1,245건",325건
703,후드,"141,540건",789건
704,극장판 짱구는 못말려: 아뵤! 쿵후 보이즈 ~라면 대란~,390건,59건
705,모털 엔진,596건,313건
706,바울,"21,590건",179건
707,나를 차버린 스파이,644건,169건
708,속닥속닥,"5,668건",276건
709,벽 속에 숨은 마법시계,622건,236건
710,업그레이드,"1,049,656건","3,026건"
711,런닝맨 : 풀룰루의 역습,257건,113건
712,극장판 도라에몽: 진구의 보물섬,249건,128건
713,더 프레데터,638건,291건
714,어느 가족,"467,169건","1,598건"
715,극장판 포켓몬스터 모두의 이야기,333건,86건
716,극장판 요괴워치 섀도사이드: 도깨비왕의 부활,236건,109건
717,크레이지 리치 아시안,"1,224건",279건
718,독전: 익스텐디드 컷,458건,209건
719,부탁 하나만 들어줘,"4,362건",163건
720,할로윈,"49,504건","2,019건"
721,빅샤크: 매직체인지,252건,34건
722,베일리 어게인,"1,058건",213건
723,루이스,"394,603건",615건
724,셜록 놈즈,312건,153건
725,신은 죽지 않았다 3: 어둠 속의 빛,318건,103건
726,출국,"1,163,353건","2,745건"
727,호텔 아르테미스,419건,136건
728,마일22,"2,739건",135건
729,여곡성,"3,598건",339건
730,킬링 디어,"1,156건",111건
731,엘리엇과 산타 썰매단,102건,71건
732,어드리프트:우리가 함께한 바다,248건,126건
733,헌터 킬러,"1,503건",105건
734,번개맨의 비밀,575건,20건
735,폴란드로 간 아이들,"2,219건",115건
736,나츠메 우인장: 세상과 연을 맺다,35건,10건
737,에그엔젤 코코밍: 두근두근 핼러윈 파티,113건,32건
738,타샤 튜더,512건,32건
739,플로이,684건,27건
740,다이노 어드벤처2: 육해공 공룡 대백과,19건,16건
741,극장판 뽀잉: 슈퍼 변신의 비밀,187건,100건
742,배반의 장미,"5,467건",437건
743,이별의 아침에 약속의 꽃을 장식하자,337건,49건
744,툴리,"1,845건",107건
745,"오늘 밤, 로맨스 극장에서","2,814건",174건
746,펭귄 하이웨이,277건,96건
747,극한직업,"41,615건","1,369건"
748,어벤져스: 엔드게임,"23,267건","3,009건"
749,기생충,"108,411건","3,865건"
750,알라딘,"48,018건","1,011건"
751,캡틴 마블,"31,862건","1,275건"
752,돈,"4,475,677건","12,076건"
753,악인전,"9,391건","1,304건"
754,말모이,"9,148건",785건
755,증인,"482,648건","2,064건"
756,사바하,"9,220건","1,211건"
757,토이 스토리 4,"9,436건",981건
758,알리타: 배틀 엔젤,"3,502건",533건
759,내안의 그놈,"15,441건",804건
760,뺑반,"8,562건",983건
761,주먹왕 랄프 2: 인터넷 속으로,"1,834건",503건
762,걸캅스,"8,153건","1,271건"
763,드래곤 길들이기 3,"5,466건",492건
764,어스,"112,598건","1,399건"
765,나의 특별한 형제,"25,386건",718건
766,생일,"536,316건","3,210건"
767,항거:유관순 이야기,"4,648건","1,051건"
768,롱 리브 더 킹: 목포 영웅,"4,836건",805건
769,엑스맨: 다크 피닉스,"4,301건",676건
770,맨 인 블랙: 인터내셔널,"1,866건",578건
771,뽀로로 극장판 보물섬 대모험,"1,181건",321건
772,명탐정 피카츄,"1,589건",468건
773,존 윅 3: 파라벨룸,"2,071건",496건
774,샤잠!,"2,292건",622건
775,극장판 헬로카봇: 옴파로스 섬의 비밀,680건,166건
776,이스케이프 룸,"1,512건",343건
777,글래스,"54,892건",481건
778,그린 북,"58,713건",463건
779,장난스런 키스,"9,311건",380건
780,해피 데스데이 2 유,614건,293건
781,극장판 공룡메카드: 타이니소어의 섬,534건,190건
782,고질라: 킹 오브 몬스터,"1,032건",448건
783,덤보,"5,218건",458건
784,러브 유어셀프 인 서울,"1,556건",365건
785,헬보이,"2,698건",468건
786,미성년,"218,993건","1,493건"
787,애나벨 집으로,"1,092건",321건
788,배심원들,"57,717건",860건
789,신데렐라:마법 반지의 비밀,458건,193건
790,악질경찰,"11,963건",719건
791,기묘한 가족,"10,821건",599건
792,메리 포핀스 리턴즈,932건,210건
793,요로나의 저주,680건,319건
794,어린 의뢰인,"6,420건",612건
795,언니,"766,657건","2,233건"
796,언더독,"11,987건",450건
797,천로역정: 천국을 찾아서,"1,142건",277건
798,우상,"106,572건","1,057건"
799,비스트,"221,660건",814건
800,자전차왕 엄복동,"5,905건",590건
801,더 페이버릿: 여왕의 여자,"1,290건",463건
802,가버나움,"1,961건",211건
803,0.0MHz,"2,411건",549건
804,바이스,"12,358건",242건
805,명탐정 코난:전율의 악보,139건,92건
806,미래의 미라이,"2,848건",263건
807,로켓맨,"9,278건",394건
808,공포의 묘지,341건,219건
809,크게 될 놈,"11,351건",365건
810,콜드 체이싱,475건,176건
811,라스트 미션,"3,279건",266건
812,아이 엠 마더,"1,222건",144건
813,파이브 피트,782건,166건
814,교회오빠,"11,387건",229건
815,구스 베이비,"2,074건",134건
816,레고 무비2,"2,146건",178건
817,그대 이름은 장미,"4,382건",607건
818,"어쩌다, 결혼","13,496건",310건
819,호텔 뭄바이,"4,402건",242건
820,로망,"92,273건",498건
821,사탄의 인형,"1,367건",186건
822,1919 유관순,"6,956건",192건
823,왓칭,"1,752건",297건
824,콜레트,"2,015건",220건
825,빅샤크2: 해저2만리,146건,91건
826,어글리 돌,548건,244건
827,슈퍼미니 2,"37,557건",66건
828,페이트 스테이 나이트 헤븐즈필 제2장 로스트 버터플라이,123건,90건
829,업사이드,"7,634건",226건
830,쿠르스크,"1,066건",23건
831,일일시호일,626건,34건
832,더 와이프,"31,086건",96건
833,칠곡 가시나들,915건,87건
834,몬스터 파크,"15,684건",102건
835,세상을 바꾼 변호인,"1,036건",166건
836,겨울왕국 2,"44,590건","3,236건"
837,엑시트,"28,844건","1,565건"
838,스파이더맨: 파 프롬 홈,"8,049건","1,441건"
839,백두산,"119,408건","2,059건"
840,조커,"52,479건","1,021건"
841,봉오동 전투,"12,848건","1,887건"
842,라이온 킹,"18,748건","1,224건"
843,나쁜 녀석들: 더 무비,"7,659건","1,223건"
844,82년생 김지영,"17,439건","1,865건"
845,분노의 질주: 홉스&쇼,"3,230건",643건
846,가장 보통의 연애,"17,004건",808건
847,시동,"392,121건","1,920건"
848,블랙머니,"7,214건",876건
849,터미네이터: 다크 페이트,"4,931건",698건
850,타짜: 원 아이드 잭,"7,701건","1,265건"
851,신의 한 수: 귀수편,"6,174건",934건
852,변신,"1,914,454건","5,584건"
853,사자,"398,113건","3,202건"
854,말레피센트 2,"3,821건",657건
855,유열의 음악앨범,"8,812건","1,121건"
856,포드 V 페라리,"2,445건",402건
857,"힘을 내요, 미스터 리","5,769건",953건
858,퍼펙트맨,"6,318건",544건
859,장사리 : 잊혀진 영웅들,"5,447건",775건
860,마이펫의 이중생활 2,"2,772건",478건
861,쥬만지: 넥스트 레벨,858건,355건
862,천문: 하늘에 묻는다,"4,167건",647건
863,나랏말싸미,"7,844건","1,092건"
864,레드슈즈,"16,130건",363건
865,캣츠,"43,139건",528건
866,신비아파트 극장판 하늘도깨비 대 요르문간드,546건,173건
867,나이브스 아웃,"1,993건",337건
868,날씨의 아이,"146,654건",826건
869,나를 찾아줘,"29,360건",885건
870,광대들: 풍문조작단,"3,744건",576건
871,그것: 두 번째 이야기,"76,465건",714건
872,극장판 헬로카봇 : 달나라를 구해줘!,861건,269건
873,양자물리학,"16,270건",719건
874,애드 아스트라,"1,349건",463건
875,47미터 2,"1,131건",252건
876,감쪽같은 그녀,"2,685건",398건
877,제미니 맨,"1,105건",317건
878,브링 더 소울 : 더 무비,"1,056건",525건
879,아담스 패밀리,928건,215건
880,예스터데이,"6,355건",352건
881,기방도령,"4,939건",532건
882,원스 어폰 어 타임... 인 할리우드,"5,072건",315건
883,라스트 크리스마스,"3,071건",200건
884,명탐정 코난: 감청의 권,503건,229건
885,커런트 워,728건,180건
886,"안녕, 티라노: 영원히, 함께",665건,179건
887,앵그리 버드 2: 독수리 왕국의 침공,412건,161건
888,롱 샷,"1,798건",165건
889,엔젤 해즈 폴른,532건,189건
890,두번할까요,"22,476건",499건
891,진범,"68,561건",445건
892,벌새,"6,285건",201건
893,눈의 여왕4,"2,580건",98건
894,크롤,"2,957건",205건
895,극장판 엉덩이 탐정: 화려한 사건 수첩,371건,107건
896,좀비랜드: 더블 탭,373건,189건
897,미드웨이,"3,253건",247건
898,프린스 코기,207건,86건
899,윤희에게,"29,391건",402건
900,안나,"89,193건",386건
901,람보 : 라스트 워,485건,242건
902,원더랜드,"16,390건",188건
903,암전,"9,021건",370건
904,소피와 드래곤: 마법책의 비밀,236건,138건
905,러브 앳,"1,864건",166건
906,아내를 죽였다,"6,843건",350건
907,미드소마,554건,181건
908,김복동,"21,591건",843건
909,카운트다운,"401,125건",513건
910,극장판 반지의 비밀일기,170건,95건
911,몬스터 하우스,"1,116건",113건
912,닥터 슬립,385건,170건
913,안녕 베일리,976건,147건
914,애프터,"255,175건",669건
915,더 룸,"2,263건",150건
916,우리집,"228,540건",911건
917,허슬러,"1,691건",160건
918,빅트립: 아기팬더 배달 대모험,105건,35건
919,레플리카,"6,930건",142건
920,파비안느에 관한 진실,934건,89건
921,주전장,"1,722건",131건
922,메기,"39,452건",288건
923,프란치스코 교황 : 맨 오브 히스 워드,101건,17건
924,아이리시맨,"3,128건",193건
925,빅 위시,"2,554건",102건
926,너를 만난 여름,"6,670건",185건
927,100일 동안 100가지로 100퍼센트 행복찾기,109건,14건
